dataset,neural_network,training_loss,testing_loss,time,number_of_folds,epochs,fold
iris,BasicNN,4.663543502289522,2.152137140422746,0.004999876022338867,5,5.0,0.0
iris,BasicNN,3.3605469808721167,7.693441400670394,0.0,5,5.0,1.0
iris,BasicNN,2.982319812066992,7.074202803202871,0.005001544952392578,5,5.0,2.0
iris,BasicNN,4.470380066738327,11.886736574629982,0.0030002593994140625,5,5.0,3.0
iris,BasicNN,2.71093795161366,5.2688915350373735,0.0,5,5.0,4.0
wine,BasicNN,2.0068143012821604,2.318041032457848,0.005001306533813477,5,5.0,0.0
wine,BasicNN,2.0978866419602262,3.7242043945325016,0.0020139217376708984,5,5.0,1.0
wine,BasicNN,2.360020501791019,9.864940545019724,0.003000020980834961,5,5.0,2.0
wine,BasicNN,3.7686881530949736,9.780915670381338,0.007002353668212891,5,5.0,3.0
wine,BasicNN,2.3820052540177232,3.9621120491025685,0.004000663757324219,5,5.0,4.0
breast_cancer,BasicNN,2.3328340126977336,22.614896731606013,0.007005453109741211,5,5.0,0.0
breast_cancer,BasicNN,2.0372824221090613,16.27923627155927,0.00999736785888672,5,5.0,1.0
breast_cancer,BasicNN,2.0451272629060924,9.48091276329691,0.013001680374145508,5,5.0,2.0
breast_cancer,BasicNN,1.264911725531466,8.034902765894062,0.01000070571899414,5,5.0,3.0
breast_cancer,BasicNN,2.069692229920912,20.64139658054285,0.006999969482421875,5,5.0,4.0
heart,BasicNN,6.3064099051146885,6.582018318370127,0.011999845504760742,5,5.0,0.0
heart,BasicNN,5.755911691222592,17.40666972191197,0.009999990463256836,5,5.0,1.0
heart,BasicNN,5.066950175860361,5.6442613276010345,0.009000301361083984,5,5.0,2.0
heart,BasicNN,2.388510869789575,4.424138029827223,0.007000923156738281,5,5.0,3.0
heart,BasicNN,6.056934688702548,7.118667831736183,0.007997751235961914,5,5.0,4.0
iris,BasicNN,2.579306491893993,3.632709997117504,0.0030133724212646484,5,5.0,0.0
iris,BasicNN,2.03419417899688,2.5123175731960408,0.0029997825622558594,5,5.0,1.0
iris,BasicNN,2.4495015930993844,7.341755563285132,0.002999544143676758,5,5.0,2.0
iris,BasicNN,4.118771166241978,3.43773368899858,0.0009984970092773438,5,5.0,3.0
iris,BasicNN,4.801883742238008,10.553774749102583,0.002999067306518555,5,5.0,4.0
wine,BasicNN,1.9295914351540544,2.6386715718989646,0.003000020980834961,5,5.0,0.0
wine,BasicNN,2.2818108557291557,4.537196994056608,0.003998279571533203,5,5.0,1.0
wine,BasicNN,2.339576703442965,2.917415820491277,0.005999088287353516,5,5.0,2.0
wine,BasicNN,3.850403838899175,7.336504682959511,0.005011558532714844,5,5.0,3.0
wine,BasicNN,2.672283335817566,3.7444217729498006,0.0029997825622558594,5,5.0,4.0
breast_cancer,BasicNN,1.3130629844804125,0.9174048455947847,0.010014057159423828,5,5.0,0.0
breast_cancer,BasicNN,2.1526878949909234,26.959688750621318,0.006006002426147461,5,5.0,1.0
breast_cancer,BasicNN,2.0176204276709795,13.080794260931349,0.009999990463256836,5,5.0,2.0
breast_cancer,BasicNN,1.5491092673040308,3.131785995924787,0.008997201919555664,5,5.0,3.0
breast_cancer,BasicNN,1.6569420654900533,22.48001157277576,0.009000539779663086,5,5.0,4.0
heart,BasicNN,8.775890063433998,27.29728029561339,0.00599980354309082,5,5.0,0.0
heart,BasicNN,6.343118430757142,17.010964542297646,0.006000757217407226,5,5.0,1.0
heart,BasicNN,3.1700335543812073,5.110418696326215,0.011113643646240234,5,5.0,2.0
heart,BasicNN,2.7846532359401768,3.905585910217359,0.008999824523925781,5,5.0,3.0
heart,BasicNN,4.617028617870468,6.0676898181764125,0.006996870040893555,5,5.0,4.0
iris,BasicNN,2.575960898301836,5.351044815863814,0.0,5,5.0,0.0
iris,BasicNN,4.116279263721964,2.813015150845751,0.007004499435424805,5,5.0,1.0
iris,BasicNN,4.656098959671034,6.85983346421136,0.00301361083984375,5,5.0,2.0
iris,BasicNN,1.9613084733010289,2.211584866851725,0.0029997825622558594,5,5.0,3.0
iris,BasicNN,2.7051181175851675,3.7709694435312806,0.004000425338745117,5,5.0,4.0
wine,BasicNN,5.3286008447311195,12.38264164176434,0.0020003318786621094,5,5.0,0.0
wine,BasicNN,2.902637669705581,2.7249511001779765,0.003002405166625977,5,5.0,1.0
wine,BasicNN,2.0880229673867827,2.8578379896275683,0.0029997825622558594,5,5.0,2.0
wine,BasicNN,2.6733388762451242,4.607951915586713,0.005001068115234375,5,5.0,3.0
wine,BasicNN,4.957518303296249,13.23711036190839,0.005998134613037109,5,5.0,4.0
breast_cancer,BasicNN,3.416305974272112,8.860543096497931,0.006000757217407226,5,5.0,0.0
breast_cancer,BasicNN,1.5021594747761802,22.066287573778162,0.006997346878051758,5,5.0,1.0
breast_cancer,BasicNN,1.4250823664903856,15.373722448884553,0.005998134613037109,5,5.0,2.0
breast_cancer,BasicNN,2.8683030084191103,,0.008012533187866211,5,5.0,3.0
breast_cancer,BasicNN,1.3976954274989273,7.538148013200378,0.010005474090576172,5,5.0,4.0
heart,BasicNN,7.29041044562671,6.849663375656317,0.005996942520141602,5,5.0,0.0
heart,BasicNN,5.430598122246258,15.264899097112208,0.00600123405456543,5,5.0,1.0
heart,BasicNN,5.846152891735848,12.069909792801775,0.00899958610534668,5,5.0,2.0
heart,BasicNN,6.688553711725635,14.567940846071824,0.005998134613037109,5,5.0,3.0
heart,BasicNN,2.8361447298143685,9.443325263544741,0.00600123405456543,5,5.0,4.0
iris,BasicNN,2.4296741929524504,2.9640233224227943,0.0,5,5.0,0.0
iris,BasicNN,4.2919837972770445,11.564973257838945,0.005999088287353516,5,5.0,1.0
iris,BasicNN,2.8093204538342524,3.3398727332379967,0.0010042190551757812,5,5.0,2.0
iris,BasicNN,4.794960717274167,10.999707482943935,0.003000020980834961,5,5.0,3.0
iris,BasicNN,3.336215217983127,4.9970780682122165,0.0,5,5.0,4.0
wine,BasicNN,2.0716914959546844,4.317513201180933,0.003000974655151367,5,5.0,0.0
wine,BasicNN,2.3944692515321346,4.932063551808986,0.005013704299926758,5,5.0,1.0
wine,BasicNN,3.77690099702937,4.041333443843753,0.007002353668212891,5,5.0,2.0
wine,BasicNN,3.5911204471221727,9.588695221074797,0.0010004043579101562,5,5.0,3.0
wine,BasicNN,2.5313057464004984,9.716442561346376,0.005989313125610352,5,5.0,4.0
breast_cancer,BasicNN,2.076598214662976,8.398655041667944,0.006998062133789063,5,5.0,0.0
breast_cancer,BasicNN,2.2212209855960183,12.064617150622409,0.0030035972595214844,5,5.0,1.0
breast_cancer,BasicNN,1.5057415749796448,14.456169764366136,0.007005453109741211,5,5.0,2.0
breast_cancer,BasicNN,1.899375929720632,18.207321537864143,0.007005691528320313,5,5.0,3.0
breast_cancer,BasicNN,2.535047157834428,10.484964324346603,0.008995532989501953,5,5.0,4.0
heart,BasicNN,3.1215977844529714,6.528152446315907,0.007001876831054688,5,5.0,0.0
heart,BasicNN,6.779405910452327,6.649122676018242,0.010000228881835938,5,5.0,1.0
heart,BasicNN,3.8723700159311294,11.171463418214357,0.012998580932617188,5,5.0,2.0
heart,BasicNN,5.387963262005662,12.052146745849614,0.00900125503540039,5,5.0,3.0
heart,BasicNN,8.561023177236908,12.424341224060974,0.009999752044677734,5,5.0,4.0
iris,BasicNN,3.0119648580461766,7.3657619824757345,0.002998590469360352,5,5.0,0.0
iris,BasicNN,2.443773734027003,3.5324453292087004,0.005997896194458008,5,5.0,1.0
iris,BasicNN,2.296676290969876,3.834339735181482,0.004002094268798828,5,5.0,2.0
iris,BasicNN,2.743435539135937,3.0504596634932226,0.006000041961669922,5,5.0,3.0
iris,BasicNN,2.73489455901578,4.663766138097693,0.00400090217590332,5,5.0,4.0
wine,BasicNN,4.805473335706543,14.220241987621565,0.003002166748046875,5,5.0,0.0
wine,BasicNN,2.357921007258645,6.613730276744793,0.005999326705932617,5,5.0,1.0
wine,BasicNN,2.1389969397885555,3.1347259952271904,0.005998849868774414,5,5.0,2.0
wine,BasicNN,3.478897565891291,7.656300687538674,0.004002094268798828,5,5.0,3.0
wine,BasicNN,2.041224384846462,4.219928754348674,0.002999544143676758,5,5.0,4.0
breast_cancer,BasicNN,1.1336515250802188,5.995638437666752,0.009000301361083984,5,5.0,0.0
breast_cancer,BasicNN,2.15062404723104,17.762671507688605,0.006000280380249024,5,5.0,1.0
breast_cancer,BasicNN,1.5980546934744504,16.634194645475276,0.01000046730041504,5,5.0,2.0
breast_cancer,BasicNN,1.5115047565198312,4.031062198553348,0.006000518798828125,5,5.0,3.0
breast_cancer,BasicNN,1.3306412824855416,3.2133372907442435,0.0030050277709960933,5,5.0,4.0
heart,BasicNN,3.5253857705702445,11.45446259242168,0.006002187728881836,5,5.0,0.0
heart,BasicNN,2.8848249472566487,4.518830841595803,0.008997917175292969,5,5.0,1.0
heart,BasicNN,3.9193577090314973,6.298561003612697,0.008999824523925781,5,5.0,2.0
heart,BasicNN,6.69045129683585,16.609882661555396,0.005997896194458008,5,5.0,3.0
heart,BasicNN,2.9735313627400863,12.191403056710369,0.008999109268188477,5,5.0,4.0
iris,BasicNN,2.319682626232978,1.837467763675632,0.0030007362365722656,5,5.0,0.0
iris,BasicNN,2.648828824612026,3.6552897289266126,0.0,5,5.0,1.0
iris,BasicNN,4.175197647552113,5.455640647514183,0.005461692810058594,5,5.0,2.0
iris,BasicNN,3.3647704715984865,4.7596533731487884,0.00652003288269043,5,5.0,3.0
iris,BasicNN,1.9622866447282121,2.8205715104036715,0.0009989738464355467,5,5.0,4.0
wine,BasicNN,3.12789685089613,12.193460559530973,0.0059967041015625,5,5.0,0.0
wine,BasicNN,2.1732560784334884,3.5136871111500128,0.0,5,5.0,1.0
wine,BasicNN,3.9835131179306527,5.007823687237359,0.003001213073730469,5,5.0,2.0
wine,BasicNN,2.9320502706455933,6.674903443161487,0.006000518798828125,5,5.0,3.0
wine,BasicNN,4.031662877620122,9.418374989158544,0.007012844085693359,5,5.0,4.0
breast_cancer,BasicNN,2.204936175430252,10.755383252689679,0.00699925422668457,5,5.0,0.0
breast_cancer,BasicNN,2.277295372417059,26.45838437988093,0.00800180435180664,5,5.0,1.0
breast_cancer,BasicNN,1.5660014715824788,11.411130016821106,0.005998611450195313,5,5.0,2.0
breast_cancer,BasicNN,1.5735949567023562,8.814394477719507,0.007002830505371094,5,5.0,3.0
breast_cancer,BasicNN,1.3167795757896843,11.756823354957705,0.007998466491699219,5,5.0,4.0
heart,BasicNN,5.341809624358422,20.08163982104585,0.005001068115234375,5,5.0,0.0
heart,BasicNN,4.273077891254082,15.65121444501702,0.009000062942504883,5,5.0,1.0
heart,BasicNN,5.377442397264176,17.857470083023017,0.004998683929443359,5,5.0,2.0
heart,BasicNN,2.6833682478071785,4.034959408341298,0.005999326705932617,5,5.0,3.0
heart,BasicNN,4.39977451164083,3.110304996738786,0.005998611450195313,5,5.0,4.0
iris,BasicNN,3.1088450229157947,10.66030464415249,0.0070037841796875,5,5.0,0.0
iris,BasicNN,2.3143743401594623,3.843686391327668,0.0030155181884765625,5,5.0,1.0
iris,BasicNN,5.310800955161317,8.525931477318357,0.003999710083007813,5,5.0,2.0
iris,BasicNN,3.682724971031236,3.1188530244243737,0.006011486053466797,5,5.0,3.0
iris,BasicNN,3.2142000481060222,2.569474515211408,0.0,5,5.0,4.0
wine,BasicNN,2.3930755667152406,3.5612457079112647,0.004000663757324219,5,5.0,0.0
wine,BasicNN,3.4154983196170314,10.020878043503727,0.006999492645263672,5,5.0,1.0
wine,BasicNN,2.365285207745277,2.817982365696538,0.003001689910888672,5,5.0,2.0
wine,BasicNN,2.572754578130399,6.466458772509314,0.006013154983520508,5,5.0,3.0
wine,BasicNN,4.071648477468754,5.859113775008801,0.003998994827270508,5,5.0,4.0
breast_cancer,BasicNN,2.3307516214500583,23.610414420077948,0.008999347686767578,5,5.0,0.0
breast_cancer,BasicNN,2.155459882886071,,0.006998062133789063,5,5.0,1.0
breast_cancer,BasicNN,1.9458016908054456,14.913768968033247,0.010002851486206056,5,5.0,2.0
breast_cancer,BasicNN,2.4001573233950793,16.737883235886276,0.006999015808105469,5,5.0,3.0
breast_cancer,BasicNN,2.795604241364813,10.63485749771619,0.008996725082397461,5,5.0,4.0
heart,BasicNN,8.124090292175794,25.57147624913946,0.004999876022338867,5,5.0,0.0
heart,BasicNN,7.0849621287404005,22.25656003541281,0.003001213073730469,5,5.0,1.0
heart,BasicNN,5.39841628019922,9.383086246340827,0.008999347686767578,5,5.0,2.0
heart,BasicNN,4.264582388218971,2.7548391016852207,0.007004976272583008,5,5.0,3.0
heart,BasicNN,3.733733338311735,12.087910840987268,0.006000518798828125,5,5.0,4.0
iris,BasicNN,2.1785899321747566,2.9283000237718007,0.006000280380249024,5,5.0,0.0
iris,BasicNN,5.304995065424679,4.432418537953025,0.0030007362365722656,5,5.0,1.0
iris,BasicNN,2.6803334038924023,5.9786520937594005,0.004000663757324219,5,5.0,2.0
iris,BasicNN,2.3739977878484484,3.502995940079768,0.005999565124511719,5,5.0,3.0
iris,BasicNN,3.668589803013822,4.722888265628887,0.0,5,5.0,4.0
wine,BasicNN,2.704661243934025,5.417297873420181,0.003000497817993164,5,5.0,0.0
wine,BasicNN,4.541703467699627,10.743817511130375,0.0,5,5.0,1.0
wine,BasicNN,2.5459569204974604,4.471057673909325,0.002996683120727539,5,5.0,2.0
wine,BasicNN,6.000069232427695,13.402225836523655,0.0,5,5.0,3.0
wine,BasicNN,2.146571137238904,2.6909407740132165,0.0,5,5.0,4.0
breast_cancer,BasicNN,1.3521600471063642,5.235180101750655,0.009997844696044922,5,5.0,0.0
breast_cancer,BasicNN,2.590406695901217,18.357165241145204,0.009001731872558594,5,5.0,1.0
breast_cancer,BasicNN,1.6093932419573271,11.79112268909266,0.006012201309204102,5,5.0,2.0
breast_cancer,BasicNN,1.9902339889072636,15.464548885061081,0.006000041961669922,5,5.0,3.0
breast_cancer,BasicNN,1.3005472638428268,10.416425553733838,0.005999326705932617,5,5.0,4.0
heart,BasicNN,2.752390439131226,6.392992006529398,0.009002685546875,5,5.0,0.0
heart,BasicNN,4.80635158489167,17.608300596426673,0.005989313125610352,5,5.0,1.0
heart,BasicNN,4.734313766953373,6.342957530884823,0.01000046730041504,5,5.0,2.0
heart,BasicNN,6.286785453032642,8.765958060153443,0.009000539779663086,5,5.0,3.0
heart,BasicNN,2.783293169034494,6.119456176262393,0.007995843887329102,5,5.0,4.0
iris,BasicNN,3.0044850456334116,7.311802657916116,0.0,5,5.0,0.0
iris,BasicNN,2.359866682162748,2.3830559824717157,0.0,5,5.0,1.0
iris,BasicNN,3.246675876464634,7.8768054390678754,0.00400543212890625,5,5.0,2.0
iris,BasicNN,2.1245070186378228,3.067365711557438,0.004057645797729492,5,5.0,3.0
iris,BasicNN,1.9435195718996576,2.57566257219965,0.0030007362365722656,5,5.0,4.0
wine,BasicNN,3.916352166534929,9.225669796193854,0.0,5,5.0,0.0
wine,BasicNN,3.146130351900922,10.601041121635733,0.0030045509338378906,5,5.0,1.0
wine,BasicNN,2.4453193152841237,1.8879557523868813,0.006004571914672852,5,5.0,2.0
wine,BasicNN,4.310841995665626,16.39172532789176,0.004999876022338867,5,5.0,3.0
wine,BasicNN,2.3647408828155894,2.0142410617272453,0.006000041961669922,5,5.0,4.0
breast_cancer,BasicNN,2.2544371002808004,19.110908576174385,0.005012035369873047,5,5.0,0.0
breast_cancer,BasicNN,1.3993590068126085,11.618473913201802,0.006003618240356445,5,5.0,1.0
breast_cancer,BasicNN,1.5834757806957238,6.433079492703098,0.006000757217407226,5,5.0,2.0
breast_cancer,BasicNN,2.010169286839163,,0.009014129638671877,5,5.0,3.0
breast_cancer,BasicNN,2.587697873564758,24.498982213603416,0.008992671966552734,5,5.0,4.0
heart,BasicNN,6.303226115338173,9.33466232867474,0.003985881805419922,5,5.0,0.0
heart,BasicNN,6.968223610019486,14.819844142943662,0.0,5,5.0,1.0
heart,BasicNN,3.071183901040997,6.437918146011883,0.008998394012451172,5,5.0,2.0
heart,BasicNN,5.489048081600272,14.241772916449436,0.005999565124511719,5,5.0,3.0
heart,BasicNN,5.482985452066576,10.003333809055869,0.006001472473144531,5,5.0,4.0
iris,BasicNN,2.975274850436441,3.994639887242352,0.006000518798828125,5,5.0,0.0
iris,BasicNN,2.5669110589888486,5.457804850830488,0.0,5,5.0,1.0
iris,BasicNN,2.143671852439628,2.3743868173324207,0.003001928329467773,5,5.0,2.0
iris,BasicNN,2.6828841839799784,3.998923808069996,0.006013631820678711,5,5.0,3.0
iris,BasicNN,3.3158314607479786,8.78145154476758,0.003989696502685547,5,5.0,4.0
wine,BasicNN,2.5357564779990955,5.798471269274086,0.003999233245849609,5,5.0,0.0
wine,BasicNN,3.7501699779669098,6.352765411134093,0.003003120422363281,5,5.0,1.0
wine,BasicNN,3.0892694693720952,10.274305336643538,0.0,5,5.0,2.0
wine,BasicNN,4.118233174104083,3.1796316983804718,0.0009999275207519533,5,5.0,3.0
wine,BasicNN,4.020960595474987,4.796723334223786,0.008996725082397461,5,5.0,4.0
breast_cancer,BasicNN,1.5151337388415564,5.198770934038043,0.006000041961669922,5,5.0,0.0
breast_cancer,BasicNN,3.2222985375767594,9.390165737665257,0.008987665176391602,5,5.0,1.0
breast_cancer,BasicNN,2.271390853225556,,0.005985498428344727,5,5.0,2.0
breast_cancer,BasicNN,1.6893792607095195,10.911166137515638,0.008990764617919922,5,5.0,3.0
breast_cancer,BasicNN,2.305119682970408,18.962879834742772,0.005987167358398438,5,5.0,4.0
heart,BasicNN,7.5286421279274425,4.855410096698842,0.00599980354309082,5,5.0,0.0
heart,BasicNN,9.425924554508644,8.951811696989296,0.003988742828369141,5,5.0,1.0
heart,BasicNN,3.9348000313263602,4.963966420850872,0.009000301361083984,5,5.0,2.0
heart,BasicNN,3.4168319114483214,6.113038399361089,0.009999275207519531,5,5.0,3.0
heart,BasicNN,5.918904317661807,8.391960745545699,0.006000280380249024,5,5.0,4.0
iris,BasicNN,3.4032325845364313,6.953517511701965,0.0030045509338378906,5,5.0,0.0
iris,BasicNN,2.778217968896,7.110188398573506,0.006002664566040039,5,5.0,1.0
iris,BasicNN,3.9435350266395246,11.749384237233762,0.004003047943115234,5,5.0,2.0
iris,BasicNN,2.9955723355266453,5.685551811953844,0.0,5,5.0,3.0
iris,BasicNN,2.1938430418227983,3.0847639806652363,0.0030002593994140625,5,5.0,4.0
wine,BasicNN,2.4098190650210376,5.578492895321539,0.003012895584106445,5,5.0,0.0
wine,BasicNN,2.672275217081002,12.346699980743098,0.00599980354309082,5,5.0,1.0
wine,BasicNN,3.2562459606383944,14.646299521359804,0.006998300552368164,5,5.0,2.0
wine,BasicNN,2.8264557285156786,10.201670204213434,0.00400233268737793,5,5.0,3.0
wine,BasicNN,4.702478026474044,5.621710401821964,0.003002643585205078,5,5.0,4.0
breast_cancer,BasicNN,2.2820915586790766,12.825452808486054,0.005987167358398438,5,5.0,0.0
breast_cancer,BasicNN,3.7350270375866255,,0.009004354476928711,5,5.0,1.0
breast_cancer,BasicNN,2.8148953837542594,15.77572111874975,0.009999990463256836,5,5.0,2.0
breast_cancer,BasicNN,1.686852400986533,8.246060205837887,0.006999731063842773,5,5.0,3.0
breast_cancer,BasicNN,3.0949170354664814,,0.007000207901000977,5,5.0,4.0
heart,BasicNN,6.468942310148256,11.48425704461851,0.008997440338134766,5,5.0,0.0
heart,BasicNN,4.378124543071324,6.708936662057964,0.006001949310302734,5,5.0,1.0
heart,BasicNN,7.852079705217933,7.290001091549527,0.010000228881835938,5,5.0,2.0
heart,BasicNN,6.080137085250219,29.13000432251697,0.004000663757324219,5,5.0,3.0
heart,BasicNN,4.023229963535723,8.397062299585476,0.005997896194458008,5,5.0,4.0
iris,BasicNN,2.2013007982380133,3.324186409956429,0.0009949207305908203,5,5.0,0.0
iris,BasicNN,2.976759692657972,4.148178286883834,0.002998590469360352,5,5.0,1.0
iris,BasicNN,2.6994094546807186,4.567456822350892,0.006995916366577149,5,5.0,2.0
iris,BasicNN,3.2211372921634966,8.287183710413016,0.00500178337097168,5,5.0,3.0
iris,BasicNN,2.7615922150802814,9.362166079159085,0.0030007362365722656,5,5.0,4.0
wine,BasicNN,3.9631062032673015,5.319243485287309,0.0,5,5.0,0.0
wine,BasicNN,6.713993595754506,12.163739266328314,0.006000518798828125,5,5.0,1.0
wine,BasicNN,3.5604406776328315,9.39250630234845,0.003996610641479492,5,5.0,2.0
wine,BasicNN,2.6321305448061203,4.451462875381647,0.003002643585205078,5,5.0,3.0
wine,BasicNN,4.795281782314539,9.977966677220826,0.006000280380249024,5,5.0,4.0
breast_cancer,BasicNN,1.4492654891911712,9.648825915433221,0.00599980354309082,5,5.0,0.0
breast_cancer,BasicNN,2.724793671817817,,0.005999088287353516,5,5.0,1.0
breast_cancer,BasicNN,1.8534861492908,12.131015592683609,0.009000539779663086,5,5.0,2.0
breast_cancer,BasicNN,1.4101164265252362,3.254834621459881,0.00901198387145996,5,5.0,3.0
breast_cancer,BasicNN,1.6472522176742233,6.401437298661269,0.011047124862670898,5,5.0,4.0
heart,BasicNN,3.7796283806166646,12.156132526668339,0.00599980354309082,5,5.0,0.0
heart,BasicNN,2.6805094597792767,7.355797770945261,0.009000062942504883,5,5.0,1.0
heart,BasicNN,3.4550108496243617,10.711717398002383,0.009001731872558594,5,5.0,2.0
heart,BasicNN,4.216508236323253,10.780552302062864,0.005001306533813477,5,5.0,3.0
heart,BasicNN,4.115620419198152,16.56685860472294,0.011000871658325195,5,5.0,4.0
iris,BasicNN,2.6275399438412554,4.651018234515566,0.0029997825622558594,5,5.0,0.0
iris,BasicNN,3.3334186602092544,4.322297980497038,0.004000663757324219,5,5.0,1.0
iris,BasicNN,3.1132356546766324,2.549080235805868,0.005998134613037109,5,5.0,2.0
iris,BasicNN,2.377022195768748,7.004018744912861,0.003999471664428711,5,5.0,3.0
iris,BasicNN,3.0907550274862534,3.2814249424492163,0.0030007362365722656,5,5.0,4.0
wine,BasicNN,3.1688018376049936,5.925406693304961,0.003044843673706055,5,5.0,0.0
wine,BasicNN,3.98106250084724,11.960032524284351,0.002998828887939453,5,5.0,1.0
wine,BasicNN,4.049251057959754,12.757933067691672,0.0,5,5.0,2.0
wine,BasicNN,2.1488215719380093,8.290390035443432,0.00299835205078125,5,5.0,3.0
wine,BasicNN,3.261141362331478,12.456958210253966,0.006997585296630859,5,5.0,4.0
breast_cancer,BasicNN,1.8759130224050853,22.28521957607124,0.005014657974243164,5,5.0,0.0
breast_cancer,BasicNN,1.6337365242862174,8.168043231417407,0.005001306533813477,5,5.0,1.0
breast_cancer,BasicNN,1.9448876504009984,16.790694787557193,0.008001565933227539,5,5.0,2.0
breast_cancer,BasicNN,1.8463005301816453,11.431639286774509,0.0010013580322265623,5,5.0,3.0
breast_cancer,BasicNN,2.234930033096446,7.532034399384524,0.00900125503540039,5,5.0,4.0
heart,BasicNN,4.758436120764059,7.746588328073781,0.004987239837646484,5,5.0,0.0
heart,BasicNN,7.166523464385428,19.932369588145715,0.005999088287353516,5,5.0,1.0
heart,BasicNN,4.26893333875475,7.600814810754727,0.006001710891723633,5,5.0,2.0
heart,BasicNN,3.869806526890692,14.604985766554234,0.005998611450195313,5,5.0,3.0
heart,BasicNN,4.490361095049418,3.648402594150392,0.010998249053955078,5,5.0,4.0
iris,BasicNN,3.3512193751235464,5.601501243359847,0.01099872589111328,5,5.0,0.0
iris,BasicNN,3.6754576770447116,6.770229314977249,0.005998849868774414,5,5.0,1.0
iris,BasicNN,3.1190213121264083,6.454550309308622,0.0030007362365722656,5,5.0,2.0
iris,BasicNN,3.246655596680601,6.83239840738379,0.0029909610748291016,5,5.0,3.0
iris,BasicNN,2.5019503946147275,2.7734371180317368,0.0,5,5.0,4.0
wine,BasicNN,3.5892295032163224,15.591630977654063,0.0,5,5.0,0.0
wine,BasicNN,4.966400747693876,8.040540739335531,0.00400090217590332,5,5.0,1.0
wine,BasicNN,2.4100921280598406,5.0264136738730025,0.00300288200378418,5,5.0,2.0
wine,BasicNN,2.6262211527255235,9.464520298035099,0.005999565124511719,5,5.0,3.0
wine,BasicNN,3.834946488225267,9.594908865184996,0.004000663757324219,5,5.0,4.0
breast_cancer,BasicNN,1.2271762824510746,2.8808286723530383,0.007000923156738281,5,5.0,0.0
breast_cancer,BasicNN,1.3928826656557534,2.2828883547303302,0.00599980354309082,5,5.0,1.0
breast_cancer,BasicNN,3.0387613246263068,,0.00800013542175293,5,5.0,2.0
breast_cancer,BasicNN,1.973888695864508,8.935311745237351,0.009004831314086914,5,5.0,3.0
breast_cancer,BasicNN,1.3777735573302354,9.277693347927656,0.009999990463256836,5,5.0,4.0
heart,BasicNN,4.714606960210888,4.227596983646074,0.022005319595336914,5,5.0,0.0
heart,BasicNN,6.634067143136659,12.936534731542116,0.009999990463256836,5,5.0,1.0
heart,BasicNN,4.3799017268131735,21.634397221894908,0.006002187728881836,5,5.0,2.0
heart,BasicNN,6.673715725677337,7.4348376083649645,0.006013393402099609,5,5.0,3.0
heart,BasicNN,5.725941561239378,5.146599814316941,0.010993719100952148,5,5.0,4.0
iris,BasicNN,2.242371317357712,5.036941608915983,0.007000207901000977,5,5.0,0.0
iris,BasicNN,2.9095012623692806,6.758541797862227,0.005002260208129883,5,5.0,1.0
iris,BasicNN,2.626529944826076,3.484902664713524,0.003006696701049805,5,5.0,2.0
iris,BasicNN,2.8664653559423767,7.987212029330299,0.002999544143676758,5,5.0,3.0
iris,BasicNN,4.163821696662803,9.142042385567356,0.003001689910888672,5,5.0,4.0
wine,BasicNN,3.0881938205673416,4.722538005894108,0.005000591278076172,5,5.0,0.0
wine,BasicNN,2.5942045787325285,11.348862529319437,0.001001119613647461,5,5.0,1.0
wine,BasicNN,2.582807392293375,10.664130843160624,0.003016233444213867,5,5.0,2.0
wine,BasicNN,2.464849762154917,4.251995250409641,0.0029997825622558594,5,5.0,3.0
wine,BasicNN,5.683668634885232,14.728080799525216,0.003000497817993164,5,5.0,4.0
breast_cancer,BasicNN,1.3646260883409582,13.892795530588913,0.006000041961669922,5,5.0,0.0
breast_cancer,BasicNN,1.7254032567481756,13.556852983387591,0.008002519607543945,5,5.0,1.0
breast_cancer,BasicNN,1.8901416457192564,10.530337167973439,0.00500035285949707,5,5.0,2.0
breast_cancer,BasicNN,1.6253133579602734,14.422229784172197,0.005999565124511719,5,5.0,3.0
breast_cancer,BasicNN,2.656425537955758,8.388823804684149,0.009005069732666016,5,5.0,4.0
heart,BasicNN,5.334434056256816,4.355889058831535,0.01000070571899414,5,5.0,0.0
heart,BasicNN,5.532173064365903,13.596029791509626,0.005999326705932617,5,5.0,1.0
heart,BasicNN,3.977947862835567,7.00327615117194,0.006005764007568359,5,5.0,2.0
heart,BasicNN,2.788460371101529,10.367253404941883,0.009988069534301758,5,5.0,3.0
heart,BasicNN,4.984258737637095,11.048879091971259,0.00899815559387207,5,5.0,4.0
iris,BasicNN,3.4415398585608736,5.113618436139328,0.0,5,5.0,0.0
iris,BasicNN,2.3998426386583267,3.6349758026020016,0.0010008811950683594,5,5.0,1.0
iris,BasicNN,4.110347877220423,7.412231953148846,0.006012916564941406,5,5.0,2.0
iris,BasicNN,2.0425504110642487,4.0826296990294315,0.006014108657836914,5,5.0,3.0
iris,BasicNN,4.403123240740594,3.7331606942425632,0.0030007362365722656,5,5.0,4.0
wine,BasicNN,2.028250468297085,2.924451076736238,0.003002405166625977,5,5.0,0.0
wine,BasicNN,3.105871521090728,9.154766897459076,0.004985809326171875,5,5.0,1.0
wine,BasicNN,2.4760837223719667,5.871436413381603,0.003013134002685547,5,5.0,2.0
wine,BasicNN,3.0767397478696488,7.08373208331197,0.003012895584106445,5,5.0,3.0
wine,BasicNN,5.675850174448515,12.851700449558795,0.0,5,5.0,4.0
breast_cancer,BasicNN,1.7582660026807948,17.447721217656632,0.00900125503540039,5,5.0,0.0
breast_cancer,BasicNN,2.6666157212215467,15.734600938272257,0.010000944137573242,5,5.0,1.0
breast_cancer,BasicNN,2.0888218469461446,17.55787550628472,0.005998134613037109,5,5.0,2.0
breast_cancer,BasicNN,1.679073451776201,18.453502035019,0.006000995635986328,5,5.0,3.0
breast_cancer,BasicNN,1.5421367657448182,5.2423848358757565,0.008998394012451172,5,5.0,4.0
heart,BasicNN,4.030542229531637,14.545548993020187,0.007004261016845703,5,5.0,0.0
heart,BasicNN,5.126002940413478,4.791605456411727,0.0010006427764892578,5,5.0,1.0
heart,BasicNN,3.104033906846498,9.957275454852462,0.008999347686767578,5,5.0,2.0
heart,BasicNN,6.266145660201702,30.50932381273713,0.006000995635986328,5,5.0,3.0
heart,BasicNN,4.34175136116068,12.710118000036525,0.004991531372070313,5,5.0,4.0
iris,BasicNN,2.9492809442191215,13.103492321152833,0.003994941711425781,5,5.0,0.0
iris,BasicNN,3.238532977611984,3.8156028494076035,0.002871513366699219,5,5.0,1.0
iris,BasicNN,2.9992255884277417,10.053197918918217,0.0,5,5.0,2.0
iris,BasicNN,2.3525661678479683,4.909535831353985,0.00298762321472168,5,5.0,3.0
iris,BasicNN,3.3801586696823667,7.62476140610085,0.003000497817993164,5,5.0,4.0
wine,BasicNN,2.2552057404671366,1.863101352421619,0.0009987354278564453,5,5.0,0.0
wine,BasicNN,2.055265552082068,6.066452389999771,0.005999088287353516,5,5.0,1.0
wine,BasicNN,2.7903203655189173,4.4652414029826,0.003998517990112305,5,5.0,2.0
wine,BasicNN,3.9294371345885386,9.208622090668836,0.0,5,5.0,3.0
wine,BasicNN,3.7714285329403436,8.82002428357075,0.0030002593994140625,5,5.0,4.0
breast_cancer,BasicNN,1.4355744400014758,11.174633385500302,0.008997917175292969,5,5.0,0.0
breast_cancer,BasicNN,2.1589522024508248,22.62353941737763,0.00700068473815918,5,5.0,1.0
breast_cancer,BasicNN,2.3402162808373066,,0.00898885726928711,5,5.0,2.0
breast_cancer,BasicNN,1.300523369042392,6.4605355090609535,0.005999326705932617,5,5.0,3.0
breast_cancer,BasicNN,1.707500966640208,17.13880031939039,0.005997896194458008,5,5.0,4.0
heart,BasicNN,4.465580067737496,14.972462794771118,0.006000518798828125,5,5.0,0.0
heart,BasicNN,4.7072309705098325,18.10627467779814,0.010090112686157228,5,5.0,1.0
heart,BasicNN,6.844065199324451,16.9543717260103,0.006000518798828125,5,5.0,2.0
heart,BasicNN,4.632394288830297,10.757808184016204,0.006013631820678711,5,5.0,3.0
heart,BasicNN,4.326501081411375,8.700739531175714,0.006002426147460938,5,5.0,4.0
iris,BasicNN,2.890614365036295,4.653008551227528,0.002998828887939453,5,5.0,0.0
iris,BasicNN,3.9279692128811097,5.0191291866296535,0.006005525588989258,5,5.0,1.0
iris,BasicNN,4.176238109833628,7.446079696638316,0.003001928329467773,5,5.0,2.0
iris,BasicNN,4.763750366568966,4.3634491123859975,0.002999544143676758,5,5.0,3.0
iris,BasicNN,3.1465242851824535,5.1533355602664574,0.006000757217407226,5,5.0,4.0
wine,BasicNN,2.3632757513288856,4.5090754661854495,0.00299835205078125,5,5.0,0.0
wine,BasicNN,3.247038370426824,5.95998132534665,0.0030050277709960933,5,5.0,1.0
wine,BasicNN,2.6638119926111803,8.09659345537451,0.004001140594482422,5,5.0,2.0
wine,BasicNN,2.8211535618663084,11.539993414148555,0.005991935729980469,5,5.0,3.0
wine,BasicNN,2.1245479983120643,3.17441021809384,0.005001544952392578,5,5.0,4.0
breast_cancer,BasicNN,1.7705618199427875,5.280133063925961,0.00599980354309082,5,5.0,0.0
breast_cancer,BasicNN,1.3831450449543017,10.067339406274195,0.00899958610534668,5,5.0,1.0
breast_cancer,BasicNN,1.9199974612496882,8.749547811021321,0.008013010025024414,5,5.0,2.0
breast_cancer,BasicNN,1.24613580169327,2.7760707684082746,0.00600433349609375,5,5.0,3.0
breast_cancer,BasicNN,1.6512380228433683,8.267945870925441,0.009064197540283205,5,5.0,4.0
heart,BasicNN,3.9186919332772083,13.854692651037277,0.009001016616821289,5,5.0,0.0
heart,BasicNN,4.721176733214875,5.7270311523971,0.005998134613037109,5,5.0,1.0
heart,BasicNN,4.337814487081145,9.097665337139684,0.007001399993896484,5,5.0,2.0
heart,BasicNN,4.935620482111848,5.4418591702221875,0.0,5,5.0,3.0
heart,BasicNN,3.3435619301123105,7.508504517925934,0.012994766235351562,5,5.0,4.0
iris,BasicNN,2.8274166789563417,2.328805343958691,0.0030014514923095703,5,5.0,0.0
iris,BasicNN,2.5333780895188984,5.3884741405702785,0.0,5,5.0,1.0
iris,BasicNN,2.6354887827844293,5.080162769328316,0.005000114440917969,5,5.0,2.0
iris,BasicNN,3.387120472461629,5.498439965713085,0.0029854774475097656,5,5.0,3.0
iris,BasicNN,2.7438736544181466,3.3865413344722506,0.0010085105895996094,5,5.0,4.0
wine,BasicNN,4.6811049841536585,8.322852881670732,0.006005287170410156,5,5.0,0.0
wine,BasicNN,2.585725045629128,6.309694321738198,0.00299835205078125,5,5.0,1.0
wine,BasicNN,3.3837101053623653,8.439004491152549,0.0030007362365722656,5,5.0,2.0
wine,BasicNN,5.402864985292831,8.662539397052974,0.003000497817993164,5,5.0,3.0
wine,BasicNN,1.8906941341773715,3.806209619370848,0.005001306533813477,5,5.0,4.0
breast_cancer,BasicNN,2.0891688482819064,8.15892519978391,0.006986379623413086,5,5.0,0.0
breast_cancer,BasicNN,1.6018950034500956,21.631624633060326,0.008999824523925781,5,5.0,1.0
breast_cancer,BasicNN,1.4459995950034952,6.022892218847387,0.009003162384033203,5,5.0,2.0
breast_cancer,BasicNN,1.9851461533797767,13.335079084838867,0.009999990463256836,5,5.0,3.0
breast_cancer,BasicNN,1.6509720465875939,6.489523070194185,0.0075185298919677734,5,5.0,4.0
heart,BasicNN,8.726910049432364,18.29425183952081,0.008013248443603516,5,5.0,0.0
heart,BasicNN,5.159163905479306,16.934312407369703,0.006000995635986328,5,5.0,1.0
heart,BasicNN,5.83239242456571,11.584561916194565,0.0,5,5.0,2.0
heart,BasicNN,4.087983644230011,7.583939770764528,0.009999752044677734,5,5.0,3.0
heart,BasicNN,4.1379710289977565,7.621448734557194,0.005998849868774414,5,5.0,4.0
iris,BasicNN,5.5076532591681815,6.170943663150273,0.005987167358398438,5,5.0,0.0
iris,BasicNN,2.0542923093870367,3.2028130278453326,0.005001068115234375,5,5.0,1.0
iris,BasicNN,2.3081618962112507,4.438836604681419,0.0,5,5.0,2.0
iris,BasicNN,5.283878000349801,7.996779450716107,0.0,5,5.0,3.0
iris,BasicNN,4.679600555920391,2.6009422552930483,0.006006479263305664,5,5.0,4.0
wine,BasicNN,2.9727412330584992,12.21511691819991,0.00298762321472168,5,5.0,0.0
wine,BasicNN,4.951809078638932,11.879232274232704,0.003000020980834961,5,5.0,1.0
wine,BasicNN,3.4211712473198164,6.922026878868368,0.004001617431640625,5,5.0,2.0
wine,BasicNN,2.6669534531915278,6.7014323494628885,0.003001689910888672,5,5.0,3.0
wine,BasicNN,4.59432691474694,12.697584422768953,0.00600123405456543,5,5.0,4.0
breast_cancer,BasicNN,1.7440283625739843,25.971397432396735,0.006002902984619141,5,5.0,0.0
breast_cancer,BasicNN,3.757769907444455,23.505759838554425,0.005999565124511719,5,5.0,1.0
breast_cancer,BasicNN,1.4045299677564846,13.802145764824415,0.006013154983520508,5,5.0,2.0
breast_cancer,BasicNN,1.8911817585628583,10.003805979876908,0.007001161575317383,5,5.0,3.0
breast_cancer,BasicNN,1.5434010306678552,13.355909521720937,0.009000062942504883,5,5.0,4.0
heart,BasicNN,3.875575432122241,9.575932422760985,0.006000041961669922,5,5.0,0.0
heart,BasicNN,4.4038707581815215,5.6206487002996806,0.008001327514648438,5,5.0,1.0
heart,BasicNN,3.8236367923768535,8.385959687557373,0.013986825942993164,5,5.0,2.0
heart,BasicNN,3.4335893527407646,7.517049430312145,0.005998134613037109,5,5.0,3.0
heart,BasicNN,5.299984912283534,8.328312785315465,0.005998611450195313,5,5.0,4.0
iris,BasicNN,2.807075523565696,3.5101810292183173,0.0009975433349609377,5,5.0,0.0
iris,BasicNN,2.80072648865642,3.210553876318395,0.00600433349609375,5,5.0,1.0
iris,BasicNN,2.5253363061332834,4.482118325022169,0.002999067306518555,5,5.0,2.0
iris,BasicNN,2.7991036075828393,5.339628717404187,0.003001689910888672,5,5.0,3.0
iris,BasicNN,2.9345126579404166,6.1628333276220575,0.005985260009765625,5,5.0,4.0
wine,BasicNN,3.407221243683793,12.175540894518814,0.002998828887939453,5,5.0,0.0
wine,BasicNN,3.858235376680662,12.837111585743177,0.006000518798828125,5,5.0,1.0
wine,BasicNN,5.046080730161801,13.166118349373123,0.002000093460083008,5,5.0,2.0
wine,BasicNN,5.151348105157956,10.812947551368575,0.005999088287353516,5,5.0,3.0
wine,BasicNN,2.501619529985077,7.376551529999133,0.00498652458190918,5,5.0,4.0
breast_cancer,BasicNN,1.575807682436292,7.030503809128605,0.007999897003173828,5,5.0,0.0
breast_cancer,BasicNN,1.311787296816326,4.716638561662878,0.009000778198242188,5,5.0,1.0
breast_cancer,BasicNN,1.6562561647363192,6.295849127133041,0.006000518798828125,5,5.0,2.0
breast_cancer,BasicNN,1.824138726598286,15.300204937503116,0.0,5,5.0,3.0
breast_cancer,BasicNN,1.6897660961969083,7.252758262951519,0.009014368057250977,5,5.0,4.0
heart,BasicNN,2.8008761835509755,7.0491125754008825,0.006000041961669922,5,5.0,0.0
heart,BasicNN,3.502423514470752,5.0931730513632205,0.00700068473815918,5,5.0,1.0
heart,BasicNN,5.35562857141917,9.0713865191986,0.008000373840332031,5,5.0,2.0
heart,BasicNN,3.9661187170878267,8.298959996720237,0.007003068923950195,5,5.0,3.0
heart,BasicNN,2.61989200012716,3.6293666887734046,0.010002374649047852,5,5.0,4.0
iris,BasicNN,2.9175694920260398,2.034959397598495,0.004999637603759766,5,5.0,0.0
iris,BasicNN,2.5531885625729,2.9062291666602817,0.005001068115234375,5,5.0,1.0
iris,BasicNN,2.6346419895106155,4.685173645995269,0.003013849258422852,5,5.0,2.0
iris,BasicNN,3.225646348201976,2.1095103430433904,0.004001379013061523,5,5.0,3.0
iris,BasicNN,2.946388720087173,3.3316475727685324,0.006014823913574219,5,5.0,4.0
wine,BasicNN,3.006476165008856,6.447527827973152,0.002999544143676758,5,5.0,0.0
wine,BasicNN,2.2573938071941444,2.1836905631132155,0.007005214691162109,5,5.0,1.0
wine,BasicNN,3.2702690743517304,4.317090855291522,0.006002187728881836,5,5.0,2.0
wine,BasicNN,3.7773615903778066,7.643575750011932,0.006001710891723633,5,5.0,3.0
wine,BasicNN,3.3292265296121983,8.151925484875397,0.006999492645263672,5,5.0,4.0
breast_cancer,BasicNN,2.0974426296561797,16.252769064393533,0.009000062942504883,5,5.0,0.0
breast_cancer,BasicNN,2.7244864267511897,20.34499994205589,0.005998849868774414,5,5.0,1.0
breast_cancer,BasicNN,1.9461356722512448,7.426939277772242,0.009014129638671877,5,5.0,2.0
breast_cancer,BasicNN,1.6670943389901045,18.40074968854922,0.009002208709716797,5,5.0,3.0
breast_cancer,BasicNN,2.451165525782932,21.85813492434876,0.005999088287353516,5,5.0,4.0
heart,BasicNN,3.824770411335953,11.384215816848194,0.010999917984008787,5,5.0,0.0
heart,BasicNN,5.644544475528929,12.808694119372921,0.009013652801513672,5,5.0,1.0
heart,BasicNN,5.52703584899708,20.35926130101834,0.003000497817993164,5,5.0,2.0
heart,BasicNN,8.493913109810151,10.362813284173942,0.00699925422668457,5,5.0,3.0
heart,BasicNN,6.045409840193173,12.860393454100766,0.009004354476928711,5,5.0,4.0
iris,BasicNN,2.2952233160562883,5.396511935977509,0.003999471664428711,5,5.0,0.0
iris,BasicNN,2.4756210437744715,5.439249020428939,0.001001119613647461,5,5.0,1.0
iris,BasicNN,3.733460038402593,7.330760293793642,0.006002664566040039,5,5.0,2.0
iris,BasicNN,1.8005151765955159,2.470613061103775,0.006001472473144531,5,5.0,3.0
iris,BasicNN,2.376904726323942,7.857485724322465,0.0029952526092529297,5,5.0,4.0
wine,BasicNN,3.2232280472304216,7.572217131998338,0.003999233245849609,5,5.0,0.0
wine,BasicNN,2.041313222822247,2.9774635262244606,0.0,5,5.0,1.0
wine,BasicNN,4.003248427282679,15.333769235193882,0.005998373031616211,5,5.0,2.0
wine,BasicNN,2.557243044286391,3.3159134987422965,0.006227493286132813,5,5.0,3.0
wine,BasicNN,2.876335579193062,8.54633767811967,0.007000446319580078,5,5.0,4.0
breast_cancer,BasicNN,1.483790736535154,13.825298428961412,0.008998870849609375,5,5.0,0.0
breast_cancer,BasicNN,2.1611679008581883,,0.008003711700439453,5,5.0,1.0
breast_cancer,BasicNN,3.6269585013139216,23.11303847078765,0.00899815559387207,5,5.0,2.0
breast_cancer,BasicNN,2.9747829173096565,29.25610209306648,0.009001016616821289,5,5.0,3.0
breast_cancer,BasicNN,1.8257299314265083,35.465966677073155,0.009000301361083984,5,5.0,4.0
heart,BasicNN,3.140700290541208,14.439153718328507,0.00500035285949707,5,5.0,0.0
heart,BasicNN,4.375312456680407,7.557075618271973,0.008997678756713867,5,5.0,1.0
heart,BasicNN,5.274130953928652,7.336508784410343,0.006000757217407226,5,5.0,2.0
heart,BasicNN,2.986829168997595,7.307796269990023,0.006013631820678711,5,5.0,3.0
heart,BasicNN,4.340701062276864,6.2169115192213535,0.008999347686767578,5,5.0,4.0
iris,BasicNN,2.5702456509286637,3.4883683753923638,0.0,5,5.0,0.0
iris,BasicNN,3.078646659429749,9.639541848344402,0.004001617431640625,5,5.0,1.0
iris,BasicNN,2.495744247229419,3.0926865107454606,0.006007671356201172,5,5.0,2.0
iris,BasicNN,2.232990664245342,4.355990639156558,0.002997636795043945,5,5.0,3.0
iris,BasicNN,3.0827967324967016,3.4495394774972117,0.005000114440917969,5,5.0,4.0
wine,BasicNN,2.7523031415059687,5.578892529685733,0.005999565124511719,5,5.0,0.0
wine,BasicNN,2.4196263396397693,4.571766516197728,0.0030050277709960933,5,5.0,1.0
wine,BasicNN,2.0570453243268867,2.5085133380340614,0.006001710891723633,5,5.0,2.0
wine,BasicNN,2.351804027299018,6.833761250811604,0.007999420166015625,5,5.0,3.0
wine,BasicNN,2.9868953056613448,14.510391015069995,0.0030014514923095703,5,5.0,4.0
breast_cancer,BasicNN,1.7535061212724234,21.052591879080374,0.006004095077514648,5,5.0,0.0
breast_cancer,BasicNN,1.868347270713221,,0.00600123405456543,5,5.0,1.0
breast_cancer,BasicNN,1.375640119143073,12.242912818175512,0.007000207901000977,5,5.0,2.0
breast_cancer,BasicNN,1.8057064353656351,16.86988036280291,0.005997896194458008,5,5.0,3.0
breast_cancer,BasicNN,1.5405282408602101,6.7123055138709296,0.008002519607543945,5,5.0,4.0
heart,BasicNN,8.138336606802065,17.476642021870635,0.0030105113983154297,5,5.0,0.0
heart,BasicNN,3.5465069829363456,7.764932276446638,0.00800013542175293,5,5.0,1.0
heart,BasicNN,4.351486192744311,7.045303982647347,0.009999752044677734,5,5.0,2.0
heart,BasicNN,4.489656894555599,16.466955629552295,0.008002281188964844,5,5.0,3.0
heart,BasicNN,4.337228844786089,12.431367652656062,0.005998611450195313,5,5.0,4.0
iris,BasicNN,3.039309869877344,6.263678129399266,0.002999305725097656,5,5.0,0.0
iris,BasicNN,2.378370611553231,4.529527196101489,0.003998756408691406,5,5.0,1.0
iris,BasicNN,3.3205476666348863,5.132812188824097,0.003000497817993164,5,5.0,2.0
iris,BasicNN,2.2407959589190964,5.331314966295311,0.007002353668212891,5,5.0,3.0
iris,BasicNN,2.963103462959658,2.645994903790891,0.0,5,5.0,4.0
wine,BasicNN,2.395347091625815,7.984095339498687,0.003000020980834961,5,5.0,0.0
wine,BasicNN,2.440305176770679,2.7898868451344407,0.0035696029663085938,5,5.0,1.0
wine,BasicNN,2.4008672602992984,5.613082924813933,0.0009989738464355467,5,5.0,2.0
wine,BasicNN,2.24025876222276,3.4643330636370604,0.0030007362365722656,5,5.0,3.0
wine,BasicNN,2.6743369568514286,9.210057436835054,0.00699925422668457,5,5.0,4.0
breast_cancer,BasicNN,1.7168965342802578,12.053782003280444,0.006000041961669922,5,5.0,0.0
breast_cancer,BasicNN,1.5598835906303088,12.108175784748285,0.010001897811889648,5,5.0,1.0
breast_cancer,BasicNN,2.6844801595495293,,0.009999513626098631,5,5.0,2.0
breast_cancer,BasicNN,2.4638918392764326,10.415962274221606,0.009000539779663086,5,5.0,3.0
breast_cancer,BasicNN,2.2776773074796863,17.627183400717165,0.013999223709106444,5,5.0,4.0
heart,BasicNN,3.2055664767381518,13.294578976248404,0.005997419357299805,5,5.0,0.0
heart,BasicNN,3.825490197760446,15.530953095505685,0.00600123405456543,5,5.0,1.0
heart,BasicNN,4.489420838291795,9.062333183777369,0.007001876831054688,5,5.0,2.0
heart,BasicNN,3.1588191318470265,5.803969633769608,0.006999731063842773,5,5.0,3.0
heart,BasicNN,5.9077140352280875,5.353425711364324,0.01500582695007324,5,5.0,4.0
iris,BasicNN,5.053445051069373,2.311748295517515,0.005999326705932617,5,5.0,0.0
iris,BasicNN,2.091645158555493,2.482521131346835,0.00500035285949707,5,5.0,1.0
iris,BasicNN,2.335100302439105,2.87059683689642,0.003000020980834961,5,5.0,2.0
iris,BasicNN,2.9589894130544803,8.693257501768034,0.0030007362365722656,5,5.0,3.0
iris,BasicNN,2.884094917671572,5.791396964804805,0.00299835205078125,5,5.0,4.0
wine,BasicNN,3.429902599326778,12.009089420848115,0.003002166748046875,5,5.0,0.0
wine,BasicNN,5.410575316722124,10.37603232823901,0.003000497817993164,5,5.0,1.0
wine,BasicNN,3.84216085783712,6.375436633425548,0.0030002593994140625,5,5.0,2.0
wine,BasicNN,3.3206418007123117,6.0752835542673544,0.0,5,5.0,3.0
wine,BasicNN,4.9042671549569885,11.756648533283398,0.007001876831054688,5,5.0,4.0
breast_cancer,BasicNN,1.701772391552971,26.334512998793844,0.00800180435180664,5,5.0,0.0
breast_cancer,BasicNN,1.6827263627390538,14.567299529398241,0.01000523567199707,5,5.0,1.0
breast_cancer,BasicNN,1.3255903259119108,6.736671744907127,0.009999752044677734,5,5.0,2.0
breast_cancer,BasicNN,2.1601339498980066,6.543833222105553,0.007999658584594727,5,5.0,3.0
breast_cancer,BasicNN,1.798202677228696,20.195364719668763,0.009999752044677734,5,5.0,4.0
heart,BasicNN,4.339927959529455,14.227466444546193,0.010000228881835938,5,5.0,0.0
heart,BasicNN,6.047092869935992,6.813984730790701,0.010001659393310549,5,5.0,1.0
heart,BasicNN,5.4025666956400755,4.428540422951978,0.005997419357299805,5,5.0,2.0
heart,BasicNN,2.5721888195535203,9.813612420412827,0.009001731872558594,5,5.0,3.0
heart,BasicNN,3.0437476710983105,8.190836741336327,0.015999555587768555,5,5.0,4.0
iris,BasicNN,2.4060576033746424,5.353725552872487,0.003000020980834961,5,5.0,0.0
iris,BasicNN,3.077735813042332,3.9735123571365167,0.0029997825622558594,5,5.0,1.0
iris,BasicNN,5.589099381663504,14.219360365409615,0.006987571716308594,5,5.0,2.0
iris,BasicNN,2.958421812464416,5.0671037931792435,0.006001472473144531,5,5.0,3.0
iris,BasicNN,4.2522000096024755,9.691402228457193,0.0009877681732177734,5,5.0,4.0
wine,BasicNN,2.9211667221454354,3.5498614176771115,0.002997636795043945,5,5.0,0.0
wine,BasicNN,2.3652096628630246,4.237739491301601,0.0030035972595214844,5,5.0,1.0
wine,BasicNN,2.5577926186633397,5.039139893382592,0.002987146377563477,5,5.0,2.0
wine,BasicNN,2.7833971851790102,4.250437243250516,0.003014802932739258,5,5.0,3.0
wine,BasicNN,3.139624002621011,3.9062745408149393,0.0,5,5.0,4.0
breast_cancer,BasicNN,1.2419514444358375,8.78558920659945,0.008999347686767578,5,5.0,0.0
breast_cancer,BasicNN,1.4525298257386967,4.379754507170191,0.009001016616821289,5,5.0,1.0
breast_cancer,BasicNN,2.843854868951047,13.904699745210873,0.006999492645263672,5,5.0,2.0
breast_cancer,BasicNN,2.2753151473315403,16.69955473460287,0.008986711502075195,5,5.0,3.0
breast_cancer,BasicNN,2.755318614370997,9.879857438849122,0.009519577026367188,5,5.0,4.0
heart,BasicNN,7.782918069782441,21.34798781981564,0.0029997825622558594,5,5.0,0.0
heart,BasicNN,4.5288933678718175,6.472881529598818,0.008996963500976562,5,5.0,1.0
heart,BasicNN,9.139110981686033,18.851841307977022,0.008988142013549805,5,5.0,2.0
heart,BasicNN,3.4062505922854243,7.17378878555189,0.006999492645263672,5,5.0,3.0
heart,BasicNN,4.609312225830545,17.118154813253426,0.009001016616821289,5,5.0,4.0
iris,BasicNN,2.246632617202357,2.1883794424150373,0.004999399185180664,5,5.0,0.0
iris,BasicNN,2.223220918276786,2.3603970260359954,0.002997636795043945,5,5.0,1.0
iris,BasicNN,2.38054714498679,4.028038680277308,0.0,5,5.0,2.0
iris,BasicNN,2.4029968675750206,3.867575593499096,0.004001140594482422,5,5.0,3.0
iris,BasicNN,2.601454985526789,4.331937846289742,0.0029900074005126953,5,5.0,4.0
wine,BasicNN,2.6988746836555038,3.785069027286208,0.005003452301025391,5,5.0,0.0
wine,BasicNN,3.1020714716161666,8.158371933276367,0.003000020980834961,5,5.0,1.0
wine,BasicNN,2.3793798378642816,6.141661643692861,0.003001213073730469,5,5.0,2.0
wine,BasicNN,2.3217738553741984,2.0248246134300616,0.002998590469360352,5,5.0,3.0
wine,BasicNN,2.738649878733483,10.417491683699474,0.006000041961669922,5,5.0,4.0
breast_cancer,BasicNN,1.22823085534695,3.679565301074089,0.007000207901000977,5,5.0,0.0
breast_cancer,BasicNN,2.282846230698661,12.127668059786851,0.006000995635986328,5,5.0,1.0
breast_cancer,BasicNN,1.7104005290061175,10.878247314616596,0.007003068923950195,5,5.0,2.0
breast_cancer,BasicNN,1.0941814528027918,6.194687711260498,0.005997419357299805,5,5.0,3.0
breast_cancer,BasicNN,2.070721398330681,23.11988632812192,0.010001420974731444,5,5.0,4.0
heart,BasicNN,3.1399075022336094,6.454041733705702,0.006001710891723633,5,5.0,0.0
heart,BasicNN,7.641256508315092,19.20526604288821,0.006004095077514648,5,5.0,1.0
heart,BasicNN,8.602326104049952,12.701473342904588,0.006002664566040039,5,5.0,2.0
heart,BasicNN,3.798133338638848,9.985999494817182,0.01000213623046875,5,5.0,3.0
heart,BasicNN,8.178237093650392,25.66159698792273,0.01000833511352539,5,5.0,4.0
iris,BasicNN,1.9785254830545969,5.061780491476771,0.0,5,5.0,0.0
iris,BasicNN,2.881771816350508,5.445746085854594,0.003988981246948242,5,5.0,1.0
iris,BasicNN,2.850376885348283,5.664804003135004,0.0009891986846923828,5,5.0,2.0
iris,BasicNN,3.3391042106623408,5.935342702156283,0.002987146377563477,5,5.0,3.0
iris,BasicNN,3.673535432173135,6.910076256194972,0.002999067306518555,5,5.0,4.0
wine,BasicNN,2.3860680154226586,3.2718062182936962,0.0,5,5.0,0.0
wine,BasicNN,2.691210496869481,6.759465819077525,0.003013849258422852,5,5.0,1.0
wine,BasicNN,4.355269323883923,13.407220599070575,0.005999565124511719,5,5.0,2.0
wine,BasicNN,2.120869429055497,4.824380378955401,0.0,5,5.0,3.0
wine,BasicNN,4.896765467415612,9.537725589583488,0.003000020980834961,5,5.0,4.0
breast_cancer,BasicNN,1.630474172159647,14.76107306439963,0.00899958610534668,5,5.0,0.0
breast_cancer,BasicNN,1.8236185349812064,18.111109219853088,0.005011558532714844,5,5.0,1.0
breast_cancer,BasicNN,1.2557271884851189,3.830741822554277,0.00899958610534668,5,5.0,2.0
breast_cancer,BasicNN,1.74298449244123,15.709153025030199,0.006002902984619141,5,5.0,3.0
breast_cancer,BasicNN,1.3353211135756151,4.721742002401059,0.002998590469360352,5,5.0,4.0
heart,BasicNN,5.915772338987696,12.413773487953387,0.006008625030517578,5,5.0,0.0
heart,BasicNN,4.6975955379473,5.829848776289036,0.006001472473144531,5,5.0,1.0
heart,BasicNN,2.608045053915772,4.952663846319449,0.005999565124511719,5,5.0,2.0
heart,BasicNN,5.370638027231501,10.088295865042783,0.002996206283569336,5,5.0,3.0
heart,BasicNN,7.378249154835267,12.402849503073929,0.008009672164916992,5,5.0,4.0
iris,BasicNN,3.0421098709740853,5.871453206157683,0.0030002593994140625,5,5.0,0.0
iris,BasicNN,3.6347339199730784,3.9141754500883272,0.0010006427764892578,5,5.0,1.0
iris,BasicNN,4.392618309476192,2.7909400801595035,0.004004716873168945,5,5.0,2.0
iris,BasicNN,3.627309816417928,8.315990431153974,0.004999160766601562,5,5.0,3.0
iris,BasicNN,3.3648545646056136,3.21494969219865,0.005997896194458008,5,5.0,4.0
wine,BasicNN,3.9884663376216936,8.210236398060728,0.00400090217590332,5,5.0,0.0
wine,BasicNN,2.1269862805312463,6.171668741460266,0.003004789352416992,5,5.0,1.0
wine,BasicNN,3.085929624387297,5.158540594595068,0.0,5,5.0,2.0
wine,BasicNN,2.4035182169501557,11.897231633499295,0.006997108459472656,5,5.0,3.0
wine,BasicNN,2.49411107380814,4.892264357932159,0.006000280380249024,5,5.0,4.0
breast_cancer,BasicNN,2.9546483886739523,8.101219941090072,0.010010242462158205,5,5.0,0.0
breast_cancer,BasicNN,2.6343722622568353,24.580609398424343,0.005997419357299805,5,5.0,1.0
breast_cancer,BasicNN,1.895053925329048,11.260943714979101,0.006000757217407226,5,5.0,2.0
breast_cancer,BasicNN,1.678137724257858,12.255341960088408,0.007001399993896484,5,5.0,3.0
breast_cancer,BasicNN,1.6829771368843187,16.326699540990806,0.009000062942504883,5,5.0,4.0
heart,BasicNN,4.056206670435126,9.44924110920688,0.0029997825622558594,5,5.0,0.0
heart,BasicNN,6.713712861346611,4.190159507500331,0.006997823715209961,5,5.0,1.0
heart,BasicNN,6.293737439310325,8.360992014452926,0.0,5,5.0,2.0
heart,BasicNN,3.8369847706668496,2.9618415269960643,0.0,5,5.0,3.0
heart,BasicNN,4.126156831652712,14.720220477239756,0.009012937545776369,5,5.0,4.0
